code,description
"COMP107","This unit tackles cyber security as a multidiscplinary issue. It introduces information security and important technology concepts as well as cyber hygiene principles to remain safe in the digital world. It discusses cybercriminality (perpetrators and activities on the dark web) and its impact on society and prompts to critically think about the relationship between cyber security and privacy, from a legal standpoint.  Finally, this unit provides insights into the cybersecurity risks faced by business and the role that risk management plays in addressing those risks in the context of corporate governance."
"COMP111","Video games provide the only real example of the promise of interactive entertainment held out by modern technologies. Video games provide a rapidly growing form of entertainment and are also used for educational and business purposes. This unit provides an introduction to the design and study of computer and console games. Topics covered include: the history of games; the cultural and aesthetic study of games; and the game development process. The assessment includes a project using a game development package."
"COMP115","This unit is an introductory computer science unit, providing a practical introduction to basic computing and programming concepts. Students gain an understanding of, and practical experience in, computer programming; practical experience in implementing informal prose descriptions of problem solutions using an imperative language; an understanding of, and practical experience in, designing, coding, testing and debugging simple algorithms; and an understanding of the principle of incremental development. Other topics include: the concept of program correctness; the differences between high-level languages, assembly languages and machine languages; the role played by compilers; and the execution of programs by computer hardware. Together with ISYS114 Introduction to Systems Design and Data Management, this unit forms the entry point for mainstream computing units."
"COMP125","This unit studies programming as a systematic discipline and introduces more formal software design methods. Programming skills are extended to include elementary data structures and abstract data types. There is a strong emphasis on problem solving and algorithms, including aspects of correctness, complexity and computability."
"COMP202","This unit studies the boundary between software and the systems on which software executes. It considers the impact of constraints imposed by operating systems and hardware systems on the design and performance of computer software. Students will learn how to operate within these constraints to build effective systems software. The unit studies these issues by looking below the abstractions provided by high-level programming languages.  The unit is an introduction to systems programming and related issues. It provides an entry point into more advanced study of computer systems in the following areas: hardware implementation, operating systems, network design and programming, and programming language design and implementation."
"COMP225","This unit provides a study of algorithms, data structures and programming techniques. The topics covered include: trees; graphs and heaps; advanced sorting techniques; elements of storage management; and complexity. The presentation emphasises the role of data abstraction and correctness proofs."
"COMP229","Object-oriented programming is a key technology for modern computing. This unit bridges the gap between introductory programming and larger multi-person projects by considering the use of object-oriented techniques to produce intermediate sized software. Practical exercises emphasise the importance of programming practices such as appropriate documentation, systematic approaches to debugging and testing, and the use of software development tools. The unit is taught using Java."
"COMP247","This unit introduces basic data communication concepts, theory and practice within the context of the use of communication networks in organisations. Topics include: protocols and standards, including the OSI model; network switching and routing; LAN and WAN topologies; wireless networking; network hardware, such as routers, modems, repeaters, switches and hubs; public telecommunication-based data services; the effect of telecommunications on society; the role of telecommunications within organisations; introduction to security and network management; organisational management of telecommunications; introduction to network design; and regulatory frameworks. Practical work includes basic network hardware set up and protocol performance in a specialised laboratory using dedicated switching and routing equipment. This unit does not presume any knowledge of programming nor is there any programming work in the unit."
"COMP249","This unit covers a range of techniques and concepts that are relevant to implementing systems on the world wide web. From web site development using HyperText Markup Language (HTML) and eXtensible Markup Language (XML), through to complete client–server applications, the unit explores the full spectrum of this technology, providing insight into the standards underlying the web and the programming techniques used to exploit these standards to build web applications."
"COMP255","This unit introduces engineering principles and practices to all stages of the software development lifecycle to ensure a systematic, quality-focused and quantifiable approach to the management, design, development, maintenance, verification and validation of [large and complex] software products, projects and processes. Problem formulation and solving are emphasised. Topics covered include: requirements gathering and specification; object-oriented modelling using the Unified Modeling Language (UML); process management; and software design, testing and evolution."
"COMP257","This unit introduces students to the fundamental techniques and tools of data science, such as the graphical display of data, predictive models, evaluation methodologies, regression, classification and clustering.  The unit provides practical experience applying these methods using industry-standard software tools to real-world data sets.  Students who have completed this unit will be able to identify which data science methods are most appropriate for a real-world data set, apply these methods to the data set, and interpret the results of the analysis they have performed."
"COMP260","This unit considers both the theory of game design and the actual construction of video games. Important principles in game design, such as game play, challenge, balance and the nature of players, will be examined. Students will be introduced to different aspects of game design and will develop their game design skills through the creation of their own game. Game design will also be explored by taking a critical approach to assessing the design decisions made in a game and by the communication of game design decisions through students presenting their designs in class."
"COMP329","Artificial Intelligence (AI) is a well-established field that studies how computers and computer software capable of exhibiting intelligent behaviour can be designed. In this unit students will be exposed to fundamental concepts in AI such as agent architecture, knowledge representation, planning and search, as well as their application in some topical domains. Upon completion of this unit students will be able to apply problem-solving strategies that are required to build intelligent systems."
"COMP330","This unit is the study of pictures, images and animations generated by computers, as well as tools used to produce these pictures. This unit introduces the mathematical foundations of computer graphics, examines how to model three-dimensional objects, introduces techniques for creating animations, and explores how realistic scenes are rendered. Practical work involves using a graphics library, such as OpenGL, under Unix or Windows platforms."
"COMP332","Formal languages play a central role in modern software development. Programming languages such as Java and C++ allow developers to express their algorithms and data structures. Compilers and interpreters transform programs into running software. Data languages such as XML and JSON are widely used to transfer information between systems. This unit studies software languages by looking at how they are used in software development. Students will study how to formally understand the syntax, semantics and translation of software languages. Practical exercises involve writing software language processors of various kinds such as simple compilers or data transformation tools."
"COMP333","This unit covers general issues of the theory of computation and algorithm design, including computability and complexity. The general principles are illustrated by designing several very efficient algorithms with applications in telecommunication networks, cryptography and other important fields."
"COMP335","A distributed system traditionally refers to a group of networked computers; however, it should be today understood in a much wider sense including applications consisting of multiple processes. This unit studies the fundamentals of distributed systems from both hardware perspective and software perspective. The unit also gives some hands-on experience. Topics include distributed systems principles (concurrecy and scheduling), paradigms (cloud computing, mobile computing and Internet of Things), architectures (client-server model, peer-to-peer model and distributed file systems) and techniques (shared memory and message-passing)."
"COMP336","Even simple tasks like counting elements can seem impossible when the amount of data to process is huge. This unit explores some of the key aspects related to processing and mining information from large volumes of data. We present technology commonly used in industry such as map-reduce, and show how a range of data processing methods can be realised using map-reduce. Especial emphasis will be placed in the adaptation of data mining techniques for large volumes of data and for data streaming."
"COMP343","This unit provides an introduction to modern cryptography and information security. First, some cryptographic primitives, such as private key and public key ciphers, hash functions and digital signatures, are introduced. Then, some security technologies are discussed to illustrate how basic cryptographic primitives are concretely used in real life applications. Various attacks on the cryptographic schemes and protocols are also discussed."
"COMP344","This unit focuses on the underlying technologies of electronic commerce via the internet, and their application in a commercial environment. The emphasis is on understanding the technologies in order to develop, use and integrate them in industrial e-commerce solutions. The unit draws on a number of areas of computing such as networks, web servers, security, databases, and interactive program design."
"COMP347","This unit gives an understanding of advanced topics in the design and implementation of computer networks. It provides an in-depth understanding of key protocols of the TCP/IP protocol suite, and its relationship to emerging technologies. This unit allows students to develop knowledge and expertise in key areas such as intra- and inter-domain routing protocols, multicast protocols, different transport protocols, Quality of Service, and multimedia. These concepts are reinforced through tutorials and laboratory sessions. Knowledge gained during the unit builds upon communication protocols; topological designs; wide area and local area networks; wireless/mobile networks; as well as practical hands-on skills on Cisco equipment. It allows students to expand their skill set by exposure to socket programming paradigm enabling them to better understand the design and implementation of protocols. Some of the reasoning tasks that the students complete require focused thinking instead of iteratively modifying and testing a program. It also enhances students' skills in critical thinking and problem solving using challenging assignments."
"COMP348","This unit explores the issues involved in building natural language processing (NLP) applications that operate on large bodies of real text such as are found on the world wide web. In this unit we discuss some core methods and tools for dealing with data on the web; in particular machine learning platforms widely used in industry. The unit also explores some recent developments of the web, such as emerging semantic web technologies and the corresponding standards promoted by the Word Wide Web Consortium (W3C). Application areas covered include web search, sentiment analysis, and information extraction."
"COMP350","This unit is a special topic unit that may be offered from time to time in new areas of computing and information systems, or as a special project under the supervision of a member of staff."
"COMP352","Students will work in groups to create a videogame using a commercial-level game engine. This will enable them to apply their previously acquired skills in videogame design and implementation to a substantial project. Teams will be expected to develop their own concept for the game. This will require creative design, the production of supporting documentation, quality control, and other associated skills and concepts. Teams will be expected to produce a compelling game proposal and meet regular agreed milestones as well as producing game documentation and giving a final presentation."
"COMP388","This unit is an advanced unit that prepares students to pursue a research career in computing or information systems under the supervision of a member of staff."
"COMP410","In this unit students will conduct the first half of an individual research thesis on a topic in the Software Engineering major under the direction of an academic supervisor. The focus of the work will be on the developing the project proposal, conducting the literature review and project planning and design."
"COMP420","In this unit students will conduct the second half of their individual research thesis on a topic in Software Engineering major under the direction of an academic supervisor. Students will implement the previously developed project plan conducting the experimental and theoretical work to obtain results and analysis presented in the form of a final research thesis."
"COMP430","This unit provides an opportunity for students to practice and demonstrate their software engineering skills within the context of a team. Students will work together to understand, design, modify, test and deliver non-trivial software using practices that are in use in the information technology industry."
"COMP434","This unit integrates prior learning in a specialist area of engineering with problem solving, emerging technology and aspects of engineering application, technical reporting and self-management to prepare students to work at a professional capacity. The unit aims to address the application of fundamental principles and methods at an advanced level in the context of standards and practices, modelling, analysis, design and practical implementation. The unit also develops skills in the critical evaluation of information, software and sources of error, and experimental methods. Learning will be achieved using case studies, laboratories, presentations, group work and traditional lecture format. The specific topics will focus on current advances in the area such as CASE tools, process methodologies, testability, software-hardware co-design, and formal verification techniques."
"COMP700","This unit is designed to engage students with current research in computing. It will introduce students to a number of the current open research questions across the range of the broad discipline. It is the first of a pair of such units, with the second appearing in the second year of the MRes program. This unit addresses research across the breadth of the discipline, while the second unit will focus on more particular issues related to the student's project area. Activities may include such things as seminar attendance, directed reading of research papers, the discussion and critiquing of research topics and introduction to new practical techniques with preparatory reading, hands-on experience and a final report. Presentation of a seminar and a written report based on the topics examined are required for completion of this unit."
"COMP733","This unit introduces students to the specialised technologies required for big data applications in business, organisations and scientific research. It covers specialised methods for storing, manipulating, analysing and exploiting the ever-increasing amounts of data that are encountered in practical applications, and provides hands-on training in advanced topics such as distributed computing clusters and 'cloud computing'."
"COMP752","As organisations and users increasingly rely upon networked applications for assessing information and making critical business decisions, securing distributed applications is becoming extremely significant. The unit is concerned with the protection of information in computing systems and networks. It will address concepts and techniques for securing distributed applications."
"COMP777","This unit deals with the effective use of computing devices and tools for research purposes. It aims at equipping research students with relevant computing skills that can greatly improve their research productivity. It introduces a range of tools covering data processing and analysis (eg, data mining), coding (eg, scripting, web-based programming, control version system), modelling techniques, communication media, document preparation systems (eg, LaTeX), computer-based presentation tools, bibliography management, and human-computer interfaces, among other topics."
"COMP781","Algorithms are the essence of computer science. In this unit we build on the undergraduate understanding of algorithms and look at interesting and useful algorithms, both fundamental and cutting edge. The particular material covered will depend on the cohort but may include topics such as approximation algorithms, exponential-time exact and parameterized algorithms, linear and constraint programming and fundamental graph algorithms such as max-flow algorithms, matching algorithms an so on. The unit will also employ appropriate tools from complexity theory to analyse the performance of the algorithms studied."
"COMP782","This unit introduces the formal study of software systems. It is intended to provide a general basis for further study or research in software-focused areas of Computer Science such as Programming Languages and Formal Methods. The unit is organised around two main themes: a) the meaning of languages and programs, and b) techniques for verifying that languages and programs have desired properties. The practical work in the unit includes implementation of formal language semantics and development of verification proofs."
"COMP783","This unit introduces basic machine learning techniques for constructing classifiers and regression models, focusing on widely applicable standard techniques such as Naive Bayes, decision trees, logistic regression and support vector machines (SVMs), and also including more general advanced frameworks such as graphical models. We discuss in detail the advantages and disadvantages of each method, both in terms of computational requirements, ease of use and performance, and study their practical application of these methods in a number of use cases."
"INFO843","This unit consists of a number of essential project and risk management themes, agile development methodologies and team management. Topics include project definition, roles and responsibilities, resource management, time and cost estimation, project planning, project control and reporting, measuring project success and post-implementation review. Microsoft Project 2013 is used to assist with resource allocation, costing and scheduling. The International Standard, ISO 31000, gives us excellent guidance on risk management. Agile methodologies are particularly relevant given the complexity and rapid change that characterise science projects. Finally, the unit considers understanding organisational culture, politics and how to manage local and global teams."
"ISYS100","This unit introduces students to the role of technology, particularly information technology, for the individual, organisations, society and the wider environment. The unit provides literacy of key terms, ideas and issues related to technology and technological advancement. Issues to be explored in relation to technology include: environment and sustainability; privacy and information access; ethics and politics; digital divide; globalisation; the information society; and the knowledge economy. Students consider the relevance and ramifications of current applications and research in a range of diverse fields including: artificial intelligence; games technology; human-to-computer speech and interaction; social software; and mobile computing. Students gain basic computer literacy and competence through practical activities and exploration of applications relevant to each topic."
"ISYS104","This unit provides students with a basic understanding of the content of information systems; the types of information systems; the current roles of information systems in organisations; and the opportunities and business impacts of information systems. The unit also provides an overview of the tools, techniques and frameworks used to build information systems; the range of information technologies used to support information systems; and the ethical responsibilities of both the information system professional and the private user of information. Every business has an information system. These systems are a fundamental component of the business and provide the business with the information its people need to operate and manage the business. This unit lays a foundation for students to use information systems in the context of accounting, marketing, and finance, or develop business information systems that organisations want and need."
"ISYS114","This unit introduces students to the principles and concepts of data storage, modelling and management with an emphasis on role of data and information in organisations. The unit will cover conceptual modelling techniques, converting conceptual data models into relational data models and verifying its structural characteristics with normalisation techniques, and implementing and utilising a relational database using a database-management system. Fundamental data modelling tools, techniques such as ER Modelling and query languages such as Structured Query Language (SQL) will be used. Concepts relating to data warehousing, governance, administration, security and privacy, ethical and green approaches to the collection, backup, use and storage of data and the construction of systems are also discussed. Overall, this unit concentrates upon building a firm foundation in information representation, organisation and storage with particular emphasis upon the application of database systems."
